{
  "version": "2.0.5",
  "platformVersion": "15.5.3",
  "authentication": {
    "type": "custom",
    "fields": [
      {
        "key": "apiKey",
        "label": "API Key",
        "required": true,
        "helpText": "Found in your [WhatsAble Dashboard](https://dashboard.whatsable.app/keys/)."
      }
    ],
    "test": "$func$2$f$",
    "connectionLabel": "WhatsAble API Key ({{ bundle.inputData.email }})"
  },
  "beforeRequest": [
    "$func$3$f$"
  ],
  "afterResponse": [
    "$func$2$f$",
    "$func$3$f$"
  ],
  "resources": {},
  "triggers": {
    "fetchNumbers": {
      "key": "fetchNumbers",
      "noun": "WhatsApp number",
      "display": {
        "label": "Your WhatsApp Numbers",
        "description": "Triggers when added."
      },
      "operation": {
        "perform": "$func$2$f$",
        "outputFields": [
          {
            "key": "phone_number",
            "label": "WhatsApp number"
          }
        ],
        "sample": {
          "id": 1,
          "phone_number": "+1234567890",
          "last_message_at": "2025-05-22T12:00:00Z"
        }
      }
    },
    "fetchGroups": {
      "key": "fetchGroups",
      "noun": "Group",
      "display": {
        "label": "WhatsAble Groups",
        "description": "Triggers when groups are retrieved from WhatsAble."
      },
      "operation": {
        "perform": "$func$2$f$",
        "outputFields": [
          {
            "key": "id",
            "label": "Group ID (Combined)"
          },
          {
            "key": "label_name",
            "label": "Group Name"
          },
          {
            "key": "value_for",
            "label": "Group ID"
          },
          {
            "key": "session_id",
            "label": "Session ID"
          }
        ],
        "sample": {
          "id": "120363405693454126@g.us_705848f2-9c18-403a-92e8-2509d84ceb85",
          "label_name": "Trip Saint Martin by Whatsable",
          "value_for": "120363405693454126@g.us",
          "session_id": "705848f2-9c18-403a-92e8-2509d84ceb85"
        }
      }
    },
    "incoming_message_webhook": {
      "key": "incoming_message_webhook",
      "noun": "Message",
      "display": {
        "label": "New Message Sent to Bot",
        "description": "Triggers instantly when a new message is received.",
        "hidden": false
      },
      "operation": {
        "perform": "$func$2$f$",
        "type": "hook",
        "performSubscribe": "$func$2$f$",
        "performUnsubscribe": "$func$2$f$",
        "performList": "$func$2$f$",
        "sample": {
          "id": 1,
          "createdAt": "2024-12-15T12:00:00Z",
          "last_messages": "Hi! How can I help you?",
          "phone_number": "+1234567890",
          "user_id": "6fb11ff2-d9b2-4560-8437-0fe58ec9f4a6",
          "last_message_of_user": "I need help with my order",
          "last_message_of_bot": "I'll help you track your order",
          "conversation_paragraph": "User asked about order status. Bot offered to help track the order.",
          "message_type": "text",
          "user_timestamp": "1234567890123",
          "bot_timestamp": "1234567890123"
        },
        "outputFields": [
          {
            "key": "last_messages",
            "label": "Last Messages",
            "type": "string"
          },
          {
            "key": "phone_number",
            "label": "Phone Number",
            "type": "string"
          },
          {
            "key": "user_id",
            "label": "User ID",
            "type": "string"
          },
          {
            "key": "last_message_of_user",
            "label": "Last message sent by the user",
            "type": "string"
          },
          {
            "key": "last_message_of_bot",
            "label": "Last message sent by the bot",
            "type": "string"
          },
          {
            "key": "conversation_paragraph",
            "label": "Conversation paragraph",
            "type": "string"
          },
          {
            "key": "message_type",
            "label": "Type of message",
            "type": "string"
          },
          {
            "key": "user_timestamp",
            "label": "User Last Message Time",
            "type": "string"
          },
          {
            "key": "bot_timestamp",
            "label": "Bot Last Message Time",
            "type": "string"
          },
          {
            "key": "scheduled_messages",
            "label": "Scheduled Messages",
            "type": "string"
          }
        ]
      }
    }
  },
  "creates": {
    "send_message": {
      "display": {
        "description": "Sends a WhatsApp message to the designated number. ",
        "hidden": false,
        "label": "Send WhatsApp Message"
      },
      "key": "send_message",
      "noun": "Message",
      "operation": {
        "inputFields": [
          {
            "key": "phone",
            "type": "text",
            "helpText": "Verified phone number to send the message to. Select a number you registered in the [WhatsAble Dashboard](https://dashboard.whatsable.app/numbers/)",
            "dynamic": "fetchNumbers.id.phone_number",
            "altersDynamicFields": true
          },
          {
            "key": "text",
            "label": "Message Body",
            "type": "text",
            "helpText": "Enter the text of the message.",
            "placeholder": "Your message text here...",
            "required": true,
            "list": false,
            "altersDynamicFields": false
          },
          {
            "key": "attachment",
            "label": "Attachment",
            "type": "string",
            "helpText": "Enter the public link of image, video or document (Max 5MB for images, 16MB for video and 100MB for document)",
            "required": false,
            "list": false,
            "altersDynamicFields": false
          },
          {
            "key": "filename",
            "label": "File Name",
            "type": "string",
            "helpText": "Enter the filename for the attachment.",
            "required": false,
            "list": false,
            "altersDynamicFields": false
          }
        ],
        "perform": "$func$2$f$",
        "sample": {
          "message": "Message sent successfully"
        }
      }
    },
    "send_session_message": {
      "key": "send_session_message",
      "noun": "SessionMessage",
      "display": {
        "label": "Send Group Message",
        "description": "Sends a message to a WhatsAble group",
        "hidden": false
      },
      "operation": {
        "inputFields": [
          {
            "key": "groupId",
            "label": "Select a Group",
            "type": "text",
            "helpText": "Select a group from the WhatsAble Groups trigger.",
            "dynamic": "fetchGroups.id.label_name",
            "required": true,
            "altersDynamicFields": false
          },
          {
            "key": "message",
            "label": "Message",
            "type": "text",
            "helpText": "Message text to send to the group.",
            "required": true,
            "list": false,
            "altersDynamicFields": false
          }
        ],
        "perform": "$func$2$f$",
        "sample": {
          "groupId": "120363405693454126@g.us_705848f2-9c18-403a-92e8-2509d84ceb85",
          "message": "Hello group! This message is sent from our WhatsApp server."
        }
      }
    }
  },
  "searches": {},
  "searchOrCreates": {}
}